<?xml version="1.0" encoding="UTF-8"?>
<project-private xmlns="http://www.netbeans.org/ns/project-private/1">
    <editor-bookmarks xmlns="http://www.netbeans.org/ns/editor-bookmarks/2" lastBookmarkId="0"/>
    <open-files xmlns="http://www.netbeans.org/ns/projectui-open-files/2">
        <group>
            <file>file:/E:/SUMMER2021/PRO%20192/Esensial/BookManagement/src/data/Shelf.java</file>
            <file>file:/E:/SUMMER2021/PRO%20192/Esensial/BookManagement/src/data/Book.java</file>
            <file>file:/E:/SUMMER2021/PRO%20192/Esensial/BookManagement/src/inputhandler/HandleWithInput.java</file>
            <file>file:/E:/SUMMER2021/PRO%20192/Esensial/BookManagement/src/bookmanagement/BookManagement.java</file>
        </group>
    </open-files>
</project-private>
